video,event_type,frame
AD128.avi,before_onset,80
AD128.avi,before_onset,354
AD128.avi,before_onset,548
AD128.avi,before_onset,698
AD128.avi,before_onset,844
AD128.avi,before_onset,1047
AD128.avi,before_onset,1218
AD128.avi,before_onset,1294
AD128.avi,before_onset,1415
AD128.avi,before_onset,1516
AD128.avi,before_onset,2039
AD128.avi,before_onset,2216
AD128.avi,before_onset,2658
AD128.avi,before_onset,2775
AD128.avi,before_onset,2959
AD128.avi,before_onset,3115
AD128.avi,before_onset,3230
AD128.avi,before_onset,3464
AD128.avi,before_onset,3606
AD128.avi,before_onset,3737
AD128.avi,before_onset,3855
AD128.avi,before_onset,3968
AD128.avi,before_onset,4030
AD128.avi,before_onset,4083
AD128.avi,before_onset,4154
AD128.avi,before_onset,4564
AD128.avi,before_onset,4922
AD128.avi,before_onset,5066
AD128.avi,before_onset,5344
AD128.avi,before_onset,5715
AD128.avi,touch_ues,96
AD128.avi,touch_ues,371
AD128.avi,touch_ues,x
AD128.avi,touch_ues,706
AD128.avi,touch_ues,859
AD128.avi,touch_ues,1060
AD128.avi,touch_ues,1230
AD128.avi,touch_ues,1310
AD128.avi,touch_ues,x
AD128.avi,touch_ues,1533
AD128.avi,touch_ues,2054?
AD128.avi,touch_ues,2230
AD128.avi,touch_ues,2673
AD128.avi,touch_ues,x
AD128.avi,touch_ues,2972
AD128.avi,touch_ues,3128
AD128.avi,touch_ues,3250
AD128.avi,touch_ues,3478
AD128.avi,touch_ues,3619
AD128.avi,touch_ues,3757
AD128.avi,touch_ues,3874
AD128.avi,touch_ues,3985
AD128.avi,touch_ues,4051
AD128.avi,touch_ues,4103
AD128.avi,touch_ues,x
AD128.avi,touch_ues,4576
AD128.avi,touch_ues,4937
AD128.avi,touch_ues,5081
AD128.avi,touch_ues,5362
AD128.avi,touch_ues,5728
AD128.avi,leave_ues,100
AD128.avi,leave_ues,386
AD128.avi,leave_ues,x
AD128.avi,leave_ues,717
AD128.avi,leave_ues,880
AD128.avi,leave_ues,1087
AD128.avi,leave_ues,1260
AD128.avi,leave_ues,1366?
AD128.avi,leave_ues,x
AD128.avi,leave_ues,1555
AD128.avi,leave_ues,x
AD128.avi,leave_ues,2263
AD128.avi,leave_ues,2690?
AD128.avi,leave_ues,x
AD128.avi,leave_ues,2988
AD128.avi,leave_ues,3151
AD128.avi,leave_ues,3266
AD128.avi,leave_ues,3500
AD128.avi,leave_ues,3646
AD128.avi,leave_ues,x
AD128.avi,leave_ues,3900
AD128.avi,leave_ues,4014
AD128.avi,leave_ues,4084
AD128.avi,leave_ues,4123
AD128.avi,leave_ues,x
AD128.avi,leave_ues,4581
AD128.avi,leave_ues,4948
AD128.avi,leave_ues,5097
AD128.avi,leave_ues,5381
AD128.avi,leave_ues,5747
AD146.avi,before_onset,581
AD146.avi,before_onset,739
AD146.avi,before_onset,943
AD146.avi,before_onset,x
AD146.avi,before_onset,1209
AD146.avi,before_onset,1316
AD146.avi,before_onset,1431
AD146.avi,before_onset,1608?
AD146.avi,before_onset,2006
AD146.avi,before_onset,2367
AD146.avi,before_onset,2650
AD146.avi,before_onset,3238
AD146.avi,before_onset,3417
AD146.avi,before_onset,3674
AD146.avi,before_onset,3931
AD146.avi,before_onset,4173
AD146.avi,touch_ues,593?
AD146.avi,touch_ues,754
AD146.avi,touch_ues,x
AD146.avi,touch_ues,1044
AD146.avi,touch_ues,1222
AD146.avi,touch_ues,1330
AD146.avi,touch_ues,1447
AD146.avi,touch_ues,x
AD146.avi,touch_ues,2021
AD146.avi,touch_ues,2390
AD146.avi,touch_ues,2664
AD146.avi,touch_ues,3254
AD146.avi,touch_ues,3432
AD146.avi,touch_ues,3694
AD146.avi,touch_ues,3945
AD146.avi,touch_ues,4206
AD146.avi,leave_ues,608
AD146.avi,leave_ues,782
AD146.avi,leave_ues,x
AD146.avi,leave_ues,1082
AD146.avi,leave_ues,1249?
AD146.avi,leave_ues,1358
AD146.avi,leave_ues,1468
AD146.avi,leave_ues,x
AD146.avi,leave_ues,x
AD146.avi,leave_ues,2410
AD146.avi,leave_ues,2697
AD146.avi,leave_ues,3275
AD146.avi,leave_ues,3463
AD146.avi,leave_ues,3721?
AD146.avi,leave_ues,3972
AD146.avi,leave_ues,4224
AD151.avi,before_onset,437
AD151.avi,before_onset,732
AD151.avi,before_onset,941
AD151.avi,before_onset,1136
AD151.avi,before_onset,1273
AD151.avi,before_onset,1368
AD151.avi,before_onset,1411
AD151.avi,before_onset,1555
AD151.avi,before_onset,1774
AD151.avi,before_onset,1914
AD151.avi,before_onset,2053
AD151.avi,before_onset,2259
AD151.avi,before_onset,2387
AD151.avi,touch_ues,452
AD151.avi,touch_ues,745
AD151.avi,touch_ues,953
AD151.avi,touch_ues,1149
AD151.avi,touch_ues,1289
AD151.avi,touch_ues,x
AD151.avi,touch_ues,1433
AD151.avi,touch_ues,1570
AD151.avi,touch_ues,1795
AD151.avi,touch_ues,1955
AD151.avi,touch_ues,2067
AD151.avi,touch_ues,2275
AD151.avi,touch_ues,x
AD151.avi,leave_ues,463
AD151.avi,leave_ues,769
AD151.avi,leave_ues,985
AD151.avi,leave_ues,1176
AD151.avi,leave_ues,1318?
AD151.avi,leave_ues,x
AD151.avi,leave_ues,1472
AD151.avi,leave_ues,1597?
AD151.avi,leave_ues,1836
AD151.avi,leave_ues,1986
AD151.avi,leave_ues,2120
AD151.avi,leave_ues,2314
AD151.avi,leave_ues,x
AD162.avi,before_onset,350
AD162.avi,before_onset,724
AD162.avi,before_onset,948
AD162.avi,before_onset,1101
AD162.avi,before_onset,1592
AD162.avi,before_onset,1890
AD162.avi,before_onset,2062
AD162.avi,before_onset,2276
AD162.avi,before_onset,2414
AD162.avi,before_onset,2559
AD162.avi,before_onset,2671
AD162.avi,before_onset,2851
AD162.avi,before_onset,3052
AD162.avi,before_onset,3234
AD162.avi,before_onset,3449
AD162.avi,before_onset,3538
AD162.avi,before_onset,3736
AD162.avi,touch_ues,366
AD162.avi,touch_ues,735
AD162.avi,touch_ues,x
AD162.avi,touch_ues,1120
AD162.avi,touch_ues,1597
AD162.avi,touch_ues,1909
AD162.avi,touch_ues,2072
AD162.avi,touch_ues,2291
AD162.avi,touch_ues,2428
AD162.avi,touch_ues,x
AD162.avi,touch_ues,2693
AD162.avi,touch_ues,2878
AD162.avi,touch_ues,3066
AD162.avi,touch_ues,3250
AD162.avi,touch_ues,3474
AD162.avi,touch_ues,3551
AD162.avi,touch_ues,x
AD162.avi,leave_ues,400
AD162.avi,leave_ues,746
AD162.avi,leave_ues,x
AD162.avi,leave_ues,1136
AD162.avi,leave_ues,1612
AD162.avi,leave_ues,1924
AD162.avi,leave_ues,2092
AD162.avi,leave_ues,2318
AD162.avi,leave_ues,2461
AD162.avi,leave_ues,x
AD162.avi,leave_ues,2720
AD162.avi,leave_ues,2891?
AD162.avi,leave_ues,3073
AD162.avi,leave_ues,3268
AD162.avi,leave_ues,x
AD162.avi,leave_ues,3570
AD162.avi,leave_ues,x
AD169.avi,before_onset,56
AD169.avi,before_onset,233
AD169.avi,before_onset,574
AD169.avi,before_onset,733
AD169.avi,before_onset,850
AD169.avi,before_onset,927
AD169.avi,before_onset,x
AD169.avi,before_onset,1309
AD169.avi,before_onset,1592
AD169.avi,before_onset,1786
AD169.avi,before_onset,1958
AD169.avi,before_onset,2341
AD169.avi,before_onset,2457
AD169.avi,before_onset,2615
AD169.avi,before_onset,2812
AD169.avi,before_onset,3049
AD169.avi,before_onset,3247
AD169.avi,before_onset,3365
AD169.avi,before_onset,3467
AD169.avi,before_onset,3521
AD169.avi,before_onset,x
AD169.avi,before_onset,3864
AD169.avi,before_onset,4024
AD169.avi,before_onset,4296
AD169.avi,before_onset,4409
AD169.avi,before_onset,4648
AD169.avi,before_onset,5188
AD169.avi,before_onset,5407
AD169.avi,before_onset,5791
AD169.avi,before_onset,5971
AD169.avi,before_onset,6518
AD169.avi,touch_ues,x
AD169.avi,touch_ues,245
AD169.avi,touch_ues,584
AD169.avi,touch_ues,751
AD169.avi,touch_ues,867
AD169.avi,touch_ues,942
AD169.avi,touch_ues,1152
AD169.avi,touch_ues,1328
AD169.avi,touch_ues,1606
AD169.avi,touch_ues,1800
AD169.avi,touch_ues,1973?
AD169.avi,touch_ues,2355?
AD169.avi,touch_ues,2472
AD169.avi,touch_ues,2634
AD169.avi,touch_ues,2837
AD169.avi,touch_ues,3063
AD169.avi,touch_ues,3272
AD169.avi,touch_ues,x
AD169.avi,touch_ues,x
AD169.avi,touch_ues,3543
AD169.avi,touch_ues,3646
AD169.avi,touch_ues,3879
AD169.avi,touch_ues,x
AD169.avi,touch_ues,4314
AD169.avi,touch_ues,4423
AD169.avi,touch_ues,4662
AD169.avi,touch_ues,5202
AD169.avi,touch_ues,5421
AD169.avi,touch_ues,5808
AD169.avi,touch_ues,5982
AD169.avi,touch_ues,6531
AD169.avi,leave_ues,x
AD169.avi,leave_ues,260
AD169.avi,leave_ues,609
AD169.avi,leave_ues,783
AD169.avi,leave_ues,x
AD169.avi,leave_ues,976
AD169.avi,leave_ues,1169
AD169.avi,leave_ues,1354
AD169.avi,leave_ues,1624
AD169.avi,leave_ues,1827
AD169.avi,leave_ues,x
AD169.avi,leave_ues,2369
AD169.avi,leave_ues,2496
AD169.avi,leave_ues,2651
AD169.avi,leave_ues,2856
AD169.avi,leave_ues,3079
AD169.avi,leave_ues,3291
AD169.avi,leave_ues,x
AD169.avi,leave_ues,x
AD169.avi,leave_ues,3558
AD169.avi,leave_ues,3666
AD169.avi,leave_ues,3941
AD169.avi,leave_ues,x
AD169.avi,leave_ues,4330
AD169.avi,leave_ues,4441
AD169.avi,leave_ues,4683
AD169.avi,leave_ues,5222
AD169.avi,leave_ues,5450
AD169.avi,leave_ues,5831
AD169.avi,leave_ues,5996
AD169.avi,leave_ues,6549
AD175.avi,before_onset,282
AD175.avi,before_onset,549
AD175.avi,before_onset,x
AD175.avi,before_onset,715
AD175.avi,before_onset,816
AD175.avi,before_onset,927
AD175.avi,before_onset,1028
AD175.avi,before_onset,1270
AD175.avi,before_onset,1389
AD175.avi,before_onset,1580
AD175.avi,before_onset,2109
AD175.avi,before_onset,2345
AD175.avi,before_onset,2513
AD175.avi,before_onset,2710
AD175.avi,before_onset,x
AD175.avi,before_onset,3170
AD175.avi,before_onset,3369
AD175.avi,before_onset,3863
AD175.avi,before_onset,4387
AD175.avi,before_onset,4578
AD175.avi,before_onset,4720
AD175.avi,before_onset,4905
AD175.avi,before_onset,5157
AD175.avi,before_onset,5354
AD175.avi,touch_ues,293
AD175.avi,touch_ues,x
AD175.avi,touch_ues,595
AD175.avi,touch_ues,727
AD175.avi,touch_ues,838
AD175.avi,touch_ues,968
AD175.avi,touch_ues,x
AD175.avi,touch_ues,1285
AD175.avi,touch_ues,x
AD175.avi,touch_ues,1595
AD175.avi,touch_ues,2119
AD175.avi,touch_ues,x
AD175.avi,touch_ues,2527
AD175.avi,touch_ues,2723
AD175.avi,touch_ues,3057
AD175.avi,touch_ues,x
AD175.avi,touch_ues,x
AD175.avi,touch_ues,3876
AD175.avi,touch_ues,4407
AD175.avi,touch_ues,4602
AD175.avi,touch_ues,4734
AD175.avi,touch_ues,4927
AD175.avi,touch_ues,5186
AD175.avi,touch_ues,5379
AD175.avi,leave_ues,312
AD175.avi,leave_ues,x
AD175.avi,leave_ues,621
AD175.avi,leave_ues,762
AD175.avi,leave_ues,897
AD175.avi,leave_ues,x
AD175.avi,leave_ues,x
AD175.avi,leave_ues,1310
AD175.avi,leave_ues,x
AD175.avi,leave_ues,1606
AD175.avi,leave_ues,2138
AD175.avi,leave_ues,x
AD175.avi,leave_ues,2537
AD175.avi,leave_ues,2744
AD175.avi,leave_ues,3064
AD175.avi,leave_ues,x
AD175.avi,leave_ues,x
AD175.avi,leave_ues,3887
AD175.avi,leave_ues,4419
AD175.avi,leave_ues,4612
AD175.avi,leave_ues,4750
AD175.avi,leave_ues,4941
AD175.avi,leave_ues,5199
AD175.avi,leave_ues,5392
AD217.avi,before_onset,284
AD217.avi,before_onset,572?
AD217.avi,before_onset,1274
AD217.avi,before_onset,1459
AD217.avi,before_onset,1721
AD217.avi,before_onset,1935
AD217.avi,before_onset,2086
AD217.avi,before_onset,2466
AD217.avi,touch_ues,304
AD217.avi,touch_ues,601
AD217.avi,touch_ues,1303
AD217.avi,touch_ues,1473
AD217.avi,touch_ues,1750
AD217.avi,touch_ues,1949
AD217.avi,touch_ues,2101
AD217.avi,touch_ues,2482
AD217.avi,leave_ues,323
AD217.avi,leave_ues,618
AD217.avi,leave_ues,1317
AD217.avi,leave_ues,1505
AD217.avi,leave_ues,1774
AD217.avi,leave_ues,1992
AD217.avi,leave_ues,2133
AD217.avi,leave_ues,2499
AD228.avi,before_onset,x
AD228.avi,before_onset,445
AD228.avi,before_onset,615
AD228.avi,before_onset,x
AD228.avi,before_onset,833
AD228.avi,before_onset,956
AD228.avi,before_onset,1161
AD228.avi,before_onset,1428
AD228.avi,before_onset,2016
AD228.avi,before_onset,2208
AD228.avi,before_onset,2379
AD228.avi,before_onset,2566
AD228.avi,before_onset,2756
AD228.avi,before_onset,2873
AD228.avi,before_onset,x
AD228.avi,before_onset,2979
AD228.avi,before_onset,3105
AD228.avi,before_onset,3234
AD228.avi,before_onset,3384
AD228.avi,before_onset,x
AD228.avi,before_onset,3613
AD228.avi,before_onset,3789
AD228.avi,before_onset,3905
AD228.avi,before_onset,4703
AD228.avi,before_onset,4933
AD228.avi,before_onset,5098
AD228.avi,before_onset,5206
AD228.avi,before_onset,x
AD228.avi,before_onset,5608
AD228.avi,before_onset,5734
AD228.avi,before_onset,x
AD228.avi,touch_ues,299
AD228.avi,touch_ues,461
AD228.avi,touch_ues,x
AD228.avi,touch_ues,x
AD228.avi,touch_ues,852
AD228.avi,touch_ues,974
AD228.avi,touch_ues,1179
AD228.avi,touch_ues,1440
AD228.avi,touch_ues,2038
AD228.avi,touch_ues,2221
AD228.avi,touch_ues,2396
AD228.avi,touch_ues,2579
AD228.avi,touch_ues,2778
AD228.avi,touch_ues,x
AD228.avi,touch_ues,x
AD228.avi,touch_ues,2990
AD228.avi,touch_ues,x
AD228.avi,touch_ues,3260
AD228.avi,touch_ues,3398
AD228.avi,touch_ues,3466
AD228.avi,touch_ues,3636
AD228.avi,touch_ues,3809
AD228.avi,touch_ues,3925
AD228.avi,touch_ues,4716
AD228.avi,touch_ues,4956
AD228.avi,touch_ues,5119
AD228.avi,touch_ues,x
AD228.avi,touch_ues,x
AD228.avi,touch_ues,5617
AD228.avi,touch_ues,5743
AD228.avi,touch_ues,x
AD228.avi,leave_ues,315
AD228.avi,leave_ues,484
AD228.avi,leave_ues,x
AD228.avi,leave_ues,746
AD228.avi,leave_ues,874
AD228.avi,leave_ues,998
AD228.avi,leave_ues,x
AD228.avi,leave_ues,1453
AD228.avi,leave_ues,2056
AD228.avi,leave_ues,2258
AD228.avi,leave_ues,2404
AD228.avi,leave_ues,2589
AD228.avi,leave_ues,2799
AD228.avi,leave_ues,x
AD228.avi,leave_ues,2938
AD228.avi,leave_ues,3017
AD228.avi,leave_ues,x
AD228.avi,leave_ues,3275
AD228.avi,leave_ues,3426
AD228.avi,leave_ues,3484
AD228.avi,leave_ues,3653
AD228.avi,leave_ues,x
AD228.avi,leave_ues,3944
AD228.avi,leave_ues,4728
AD228.avi,leave_ues,4965
AD228.avi,leave_ues,5137
AD228.avi,leave_ues,x
AD228.avi,leave_ues,5265
AD228.avi,leave_ues,5625
AD228.avi,leave_ues,5758
AD228.avi,leave_ues,6014
AD235.avi,before_onset,585
AD235.avi,before_onset,1805
AD235.avi,before_onset,2054
AD235.avi,before_onset,2307
AD235.avi,before_onset,2477
AD235.avi,before_onset,x
AD235.avi,before_onset,2966
AD235.avi,before_onset,3201
AD235.avi,before_onset,3336
AD235.avi,before_onset,3482
AD235.avi,before_onset,3983
AD235.avi,before_onset,4245
AD235.avi,before_onset,4525
AD235.avi,touch_ues,x
AD235.avi,touch_ues,1827
AD235.avi,touch_ues,2069
AD235.avi,touch_ues,2323
AD235.avi,touch_ues,2489
AD235.avi,touch_ues,2695
AD235.avi,touch_ues,2979
AD235.avi,touch_ues,3221
AD235.avi,touch_ues,3376
AD235.avi,touch_ues,3513
AD235.avi,touch_ues,3998
AD235.avi,touch_ues,4263
AD235.avi,touch_ues,4541
AD235.avi,leave_ues,x
AD235.avi,leave_ues,1840
AD235.avi,leave_ues,2092
AD235.avi,leave_ues,2362
AD235.avi,leave_ues,2567
AD235.avi,leave_ues,x
AD235.avi,leave_ues,3017
AD235.avi,leave_ues,3283
AD235.avi,leave_ues,3412
AD235.avi,leave_ues,x
AD235.avi,leave_ues,4013
AD235.avi,leave_ues,4286
AD235.avi,leave_ues,4583
AD238.avi,before_onset,160
AD238.avi,before_onset,314
AD238.avi,before_onset,521
AD238.avi,before_onset,648
AD238.avi,before_onset,786
AD238.avi,before_onset,879
AD238.avi,before_onset,1024
AD238.avi,before_onset,2094
AD238.avi,before_onset,2258
AD238.avi,before_onset,2472
AD238.avi,before_onset,2755
AD238.avi,before_onset,2947
AD238.avi,before_onset,3217
AD238.avi,before_onset,3409
AD238.avi,before_onset,3654
AD238.avi,before_onset,3771
AD238.avi,before_onset,3925
AD238.avi,before_onset,4104
AD238.avi,before_onset,4220
AD238.avi,before_onset,4464
AD238.avi,before_onset,4709
AD238.avi,before_onset,4915
AD238.avi,before_onset,5035
AD238.avi,touch_ues,172
AD238.avi,touch_ues,324
AD238.avi,touch_ues,x
AD238.avi,touch_ues,660
AD238.avi,touch_ues,x
AD238.avi,touch_ues,906
AD238.avi,touch_ues,x
AD238.avi,touch_ues,2110
AD238.avi,touch_ues,2271
AD238.avi,touch_ues,2485
AD238.avi,touch_ues,2768
AD238.avi,touch_ues,2960
AD238.avi,touch_ues,3231
AD238.avi,touch_ues,3421
AD238.avi,touch_ues,3668
AD238.avi,touch_ues,3789
AD238.avi,touch_ues,3939
AD238.avi,touch_ues,4116
AD238.avi,touch_ues,4232
AD238.avi,touch_ues,4479
AD238.avi,touch_ues,4723
AD238.avi,touch_ues,4927
AD238.avi,touch_ues,x
AD238.avi,leave_ues,181
AD238.avi,leave_ues,346
AD238.avi,leave_ues,x
AD238.avi,leave_ues,679
AD238.avi,leave_ues,x
AD238.avi,leave_ues,924
AD238.avi,leave_ues,x
AD238.avi,leave_ues,2126
AD238.avi,leave_ues,2292
AD238.avi,leave_ues,2524
AD238.avi,leave_ues,2777
AD238.avi,leave_ues,2976
AD238.avi,leave_ues,3252
AD238.avi,leave_ues,3450
AD238.avi,leave_ues,3688
AD238.avi,leave_ues,3817
AD238.avi,leave_ues,x
AD238.avi,leave_ues,4131
AD238.avi,leave_ues,4264
AD238.avi,leave_ues,4484
AD238.avi,leave_ues,4739
AD238.avi,leave_ues,4948
AD238.avi,leave_ues,x
AD243.avi,before_onset,158
AD243.avi,before_onset,286
AD243.avi,before_onset,519
AD243.avi,before_onset,630
AD243.avi,before_onset,743
AD243.avi,before_onset,866
AD243.avi,before_onset,1368
AD243.avi,before_onset,1514
AD243.avi,before_onset,1627
AD243.avi,before_onset,2129
AD243.avi,before_onset,2287
AD243.avi,before_onset,2415
AD243.avi,before_onset,2476
AD243.avi,before_onset,2608
AD243.avi,before_onset,2728
AD243.avi,before_onset,2814
AD243.avi,touch_ues,172
AD243.avi,touch_ues,305
AD243.avi,touch_ues,538
AD243.avi,touch_ues,645
AD243.avi,touch_ues,761
AD243.avi,touch_ues,877
AD243.avi,touch_ues,1380
AD243.avi,touch_ues,1527
AD243.avi,touch_ues,x
AD243.avi,touch_ues,2139
AD243.avi,touch_ues,2297
AD243.avi,touch_ues,2428
AD243.avi,touch_ues,2489
AD243.avi,touch_ues,2623
AD243.avi,touch_ues,2741
AD243.avi,touch_ues,2834
AD243.avi,leave_ues,187
AD243.avi,leave_ues,321
AD243.avi,leave_ues,557
AD243.avi,leave_ues,676
AD243.avi,leave_ues,788
AD243.avi,leave_ues,912
AD243.avi,leave_ues,1392
AD243.avi,leave_ues,1540
AD243.avi,leave_ues,x
AD243.avi,leave_ues,2152
AD243.avi,leave_ues,2319
AD243.avi,leave_ues,2463
AD243.avi,leave_ues,2505
AD243.avi,leave_ues,2656
AD243.avi,leave_ues,2767
AD243.avi,leave_ues,x
AD256.avi,before_onset,42
AD256.avi,before_onset,157
AD256.avi,before_onset,298
AD256.avi,before_onset,390
AD256.avi,before_onset,482
AD256.avi,before_onset,520
AD256.avi,before_onset,561
AD256.avi,before_onset,648
AD256.avi,before_onset,742
AD256.avi,before_onset,873
AD256.avi,before_onset,980
AD256.avi,before_onset,1063
AD256.avi,before_onset,1149
AD256.avi,before_onset,1360
AD256.avi,before_onset,1505
AD256.avi,before_onset,1618
AD256.avi,before_onset,1727
AD256.avi,before_onset,1837
AD256.avi,before_onset,1973
AD256.avi,before_onset,2273
AD256.avi,before_onset,2512
AD256.avi,before_onset,2950
AD256.avi,before_onset,3093
AD256.avi,before_onset,3371
AD256.avi,before_onset,3516
AD256.avi,before_onset,3609
AD256.avi,before_onset,3693
AD256.avi,before_onset,3774
AD256.avi,before_onset,3832
AD256.avi,before_onset,3906
AD256.avi,before_onset,3999
AD256.avi,before_onset,4142
AD256.avi,before_onset,4248
AD256.avi,before_onset,x
AD256.avi,before_onset,4454
AD256.avi,before_onset,4556
AD256.avi,before_onset,4715
AD256.avi,before_onset,4859
AD256.avi,before_onset,4969
AD256.avi,before_onset,5140
AD256.avi,touch_ues,56
AD256.avi,touch_ues,176
AD256.avi,touch_ues,308
AD256.avi,touch_ues,425
AD256.avi,touch_ues,495
AD256.avi,touch_ues,x
AD256.avi,touch_ues,x
AD256.avi,touch_ues,x
AD256.avi,touch_ues,757
AD256.avi,touch_ues,887
AD256.avi,touch_ues,1002
AD256.avi,touch_ues,1088
AD256.avi,touch_ues,1161
AD256.avi,touch_ues,1371
AD256.avi,touch_ues,1518
AD256.avi,touch_ues,1632
AD256.avi,touch_ues,1740
AD256.avi,touch_ues,1847
AD256.avi,touch_ues,1986
AD256.avi,touch_ues,2285
AD256.avi,touch_ues,2524
AD256.avi,touch_ues,2961
AD256.avi,touch_ues,3107
AD256.avi,touch_ues,3393
AD256.avi,touch_ues,3528
AD256.avi,touch_ues,3621
AD256.avi,touch_ues,3715
AD256.avi,touch_ues,3785
AD256.avi,touch_ues,3844
AD256.avi,touch_ues,3919
AD256.avi,touch_ues,4023
AD256.avi,touch_ues,4154
AD256.avi,touch_ues,4274
AD256.avi,touch_ues,4361
AD256.avi,touch_ues,4470
AD256.avi,touch_ues,4581
AD256.avi,touch_ues,4729
AD256.avi,touch_ues,4874
AD256.avi,touch_ues,4984
AD256.avi,touch_ues,5153
AD256.avi,leave_ues,69
AD256.avi,leave_ues,195
AD256.avi,leave_ues,359
AD256.avi,leave_ues,466
AD256.avi,leave_ues,x
AD256.avi,leave_ues,x
AD256.avi,leave_ues,x
AD256.avi,leave_ues,x
AD256.avi,leave_ues,780
AD256.avi,leave_ues,917
AD256.avi,leave_ues,1020
AD256.avi,leave_ues,1120
AD256.avi,leave_ues,x
AD256.avi,leave_ues,1386
AD256.avi,leave_ues,1542
AD256.avi,leave_ues,1668
AD256.avi,leave_ues,1776
AD256.avi,leave_ues,1876
AD256.avi,leave_ues,2007
AD256.avi,leave_ues,2304
AD256.avi,leave_ues,2545
AD256.avi,leave_ues,2974
AD256.avi,leave_ues,3124
AD256.avi,leave_ues,3400
AD256.avi,leave_ues,3546
AD256.avi,leave_ues,3639
AD256.avi,leave_ues,3745
AD256.avi,leave_ues,3815
AD256.avi,leave_ues,x
AD256.avi,leave_ues,3968
AD256.avi,leave_ues,4046
AD256.avi,leave_ues,4175
AD256.avi,leave_ues,x
AD256.avi,leave_ues,4380
AD256.avi,leave_ues,4491
AD256.avi,leave_ues,4607
AD256.avi,leave_ues,4638
AD256.avi,leave_ues,4890
AD256.avi,leave_ues,5007
AD256.avi,leave_ues,5184
AD276.avi,before_onset,774
AD276.avi,before_onset,1082
AD276.avi,before_onset,x
AD276.avi,before_onset,1374
AD276.avi,before_onset,1525
AD276.avi,before_onset,1760
AD276.avi,before_onset,1820
AD276.avi,before_onset,1931
AD276.avi,before_onset,2024
AD276.avi,before_onset,2264
AD276.avi,before_onset,2469
AD276.avi,before_onset,2672
AD276.avi,before_onset,3193
AD276.avi,before_onset,3773
AD276.avi,before_onset,4281
AD276.avi,before_onset,4648
AD276.avi,before_onset,4893
AD276.avi,before_onset,5353
AD276.avi,before_onset,6012
AD276.avi,touch_ues,786
AD276.avi,touch_ues,1096
AD276.avi,touch_ues,x
AD276.avi,touch_ues,1388
AD276.avi,touch_ues,1538
AD276.avi,touch_ues,1776
AD276.avi,touch_ues,1836
AD276.avi,touch_ues,1950
AD276.avi,touch_ues,2044
AD276.avi,touch_ues,2276
AD276.avi,touch_ues,2483
AD276.avi,touch_ues,x
AD276.avi,touch_ues,3202
AD276.avi,touch_ues,3786
AD276.avi,touch_ues,4292
AD276.avi,touch_ues,4664
AD276.avi,touch_ues,4909
AD276.avi,touch_ues,5368
AD276.avi,touch_ues,6034
AD276.avi,leave_ues,801
AD276.avi,leave_ues,1142
AD276.avi,leave_ues,1206
AD276.avi,leave_ues,x
AD276.avi,leave_ues,1597
AD276.avi,leave_ues,1835
AD276.avi,leave_ues,1876
AD276.avi,leave_ues,1993
AD276.avi,leave_ues,x
AD276.avi,leave_ues,2288
AD276.avi,leave_ues,2520
AD276.avi,leave_ues,x
AD276.avi,leave_ues,3222
AD276.avi,leave_ues,3810
AD276.avi,leave_ues,4304
AD276.avi,leave_ues,4681
AD276.avi,leave_ues,4935
AD276.avi,leave_ues,5402
AD276.avi,leave_ues,6055
AD290.avi,before_onset,47
AD290.avi,before_onset,161
AD290.avi,before_onset,264
AD290.avi,before_onset,375
AD290.avi,before_onset,514
AD290.avi,before_onset,911
AD290.avi,before_onset,1588
AD290.avi,before_onset,1766
AD290.avi,before_onset,2242
AD290.avi,before_onset,2616
AD290.avi,before_onset,2786
AD290.avi,before_onset,3092
AD290.avi,before_onset,3482
AD290.avi,before_onset,3601
AD290.avi,before_onset,3754
AD290.avi,before_onset,3946
AD290.avi,before_onset,4196
AD290.avi,before_onset,4490
AD290.avi,before_onset,x
AD290.avi,before_onset,4679
AD290.avi,before_onset,4829
AD290.avi,before_onset,5006
AD290.avi,before_onset,5520
AD290.avi,before_onset,5702
AD290.avi,before_onset,5937
AD290.avi,before_onset,6140
AD290.avi,before_onset,6436
AD290.avi,touch_ues,72
AD290.avi,touch_ues,x
AD290.avi,touch_ues,277
AD290.avi,touch_ues,387
AD290.avi,touch_ues,529
AD290.avi,touch_ues,924
AD290.avi,touch_ues,1606
AD290.avi,touch_ues,1778
AD290.avi,touch_ues,2255
AD290.avi,touch_ues,x
AD290.avi,touch_ues,2799
AD290.avi,touch_ues,3103
AD290.avi,touch_ues,x
AD290.avi,touch_ues,3619
AD290.avi,touch_ues,3775?
AD290.avi,touch_ues,x
AD290.avi,touch_ues,4209
AD290.avi,touch_ues,4512
AD290.avi,touch_ues,4576
AD290.avi,touch_ues,4700
AD290.avi,touch_ues,4845
AD290.avi,touch_ues,5018
AD290.avi,touch_ues,5533
AD290.avi,touch_ues,5714
AD290.avi,touch_ues,5950
AD290.avi,touch_ues,6154
AD290.avi,touch_ues,6448
AD290.avi,leave_ues,x
AD290.avi,leave_ues,x
AD290.avi,leave_ues,306
AD290.avi,leave_ues,429
AD290.avi,leave_ues,560
AD290.avi,leave_ues,935
AD290.avi,leave_ues,1624
AD290.avi,leave_ues,x
AD290.avi,leave_ues,2274
AD290.avi,leave_ues,x
AD290.avi,leave_ues,2808
AD290.avi,leave_ues,3122
AD290.avi,leave_ues,x
AD290.avi,leave_ues,3643
AD290.avi,leave_ues,3786?
AD290.avi,leave_ues,x
AD290.avi,leave_ues,4228
AD290.avi,leave_ues,4531
AD290.avi,leave_ues,4593
AD290.avi,leave_ues,4715
AD290.avi,leave_ues,4860
AD290.avi,leave_ues,5038
AD290.avi,leave_ues,5547
AD290.avi,leave_ues,5728
AD290.avi,leave_ues,5970
AD290.avi,leave_ues,x
AD290.avi,leave_ues,6462
AD294.avi,before_onset,315
AD294.avi,before_onset,549
AD294.avi,before_onset,821
AD294.avi,before_onset,987
AD294.avi,before_onset,1191
AD294.avi,before_onset,1305
AD294.avi,before_onset,x
AD294.avi,before_onset,1665
AD294.avi,before_onset,1984
AD294.avi,before_onset,2144
AD294.avi,before_onset,2449
AD294.avi,before_onset,2763
AD294.avi,before_onset,2933
AD294.avi,before_onset,3139
AD294.avi,before_onset,3328
AD294.avi,touch_ues,328
AD294.avi,touch_ues,561
AD294.avi,touch_ues,834
AD294.avi,touch_ues,1001
AD294.avi,touch_ues,1203
AD294.avi,touch_ues,1320
AD294.avi,touch_ues,1483
AD294.avi,touch_ues,1679
AD294.avi,touch_ues,1995
AD294.avi,touch_ues,x
AD294.avi,touch_ues,2457
AD294.avi,touch_ues,2772
AD294.avi,touch_ues,2947
AD294.avi,touch_ues,3152
AD294.avi,touch_ues,3321
AD294.avi,leave_ues,339
AD294.avi,leave_ues,582
AD294.avi,leave_ues,864
AD294.avi,leave_ues,1029
AD294.avi,leave_ues,1230
AD294.avi,leave_ues,1331
AD294.avi,leave_ues,1521
AD294.avi,leave_ues,1710
AD294.avi,leave_ues,2018
AD294.avi,leave_ues,x
AD294.avi,leave_ues,2468
AD294.avi,leave_ues,2794
AD294.avi,leave_ues,2967
AD294.avi,leave_ues,3172
AD294.avi,leave_ues,3363
AD317A.avi,before_onset,269
AD317A.avi,before_onset,599
AD317A.avi,before_onset,768
AD317A.avi,before_onset,1022
AD317A.avi,before_onset,1172
AD317A.avi,before_onset,1391
AD317A.avi,before_onset,1667
AD317A.avi,before_onset,1851
AD317A.avi,before_onset,2030
AD317A.avi,before_onset,2344
AD317A.avi,before_onset,2575
AD317A.avi,before_onset,2861
AD317A.avi,before_onset,3085
AD317A.avi,before_onset,3380
AD317A.avi,touch_ues,312
AD317A.avi,touch_ues,617
AD317A.avi,touch_ues,781
AD317A.avi,touch_ues,1047
AD317A.avi,touch_ues,1185
AD317A.avi,touch_ues,1403
AD317A.avi,touch_ues,1683
AD317A.avi,touch_ues,1876
AD317A.avi,touch_ues,2050
AD317A.avi,touch_ues,2361
AD317A.avi,touch_ues,2594
AD317A.avi,touch_ues,2877?
AD317A.avi,touch_ues,x
AD317A.avi,touch_ues,3400
AD317A.avi,leave_ues,317
AD317A.avi,leave_ues,635
AD317A.avi,leave_ues,803
AD317A.avi,leave_ues,1057
AD317A.avi,leave_ues,1212
AD317A.avi,leave_ues,1445
AD317A.avi,leave_ues,1692
AD317A.avi,leave_ues,1894
AD317A.avi,leave_ues,2071
AD317A.avi,leave_ues,2378
AD317A.avi,leave_ues,x
AD317A.avi,leave_ues,2883
AD317A.avi,leave_ues,x
AD317A.avi,leave_ues,3414
AD317B.avi,before_onset,127
AD317B.avi,before_onset,344
AD317B.avi,before_onset,559
AD317B.avi,before_onset,746
AD317B.avi,before_onset,1131
AD317B.avi,before_onset,1570
AD317B.avi,before_onset,1769
AD317B.avi,before_onset,2039
AD317B.avi,before_onset,2185
AD317B.avi,before_onset,2384
AD317B.avi,before_onset,2571
AD317B.avi,before_onset,2719
AD317B.avi,before_onset,x
AD317B.avi,before_onset,3383
AD317B.avi,touch_ues,137
AD317B.avi,touch_ues,356
AD317B.avi,touch_ues,582
AD317B.avi,touch_ues,769
AD317B.avi,touch_ues,x
AD317B.avi,touch_ues,1591
AD317B.avi,touch_ues,1785
AD317B.avi,touch_ues,2062
AD317B.avi,touch_ues,2207
AD317B.avi,touch_ues,2404
AD317B.avi,touch_ues,2594
AD317B.avi,touch_ues,2735
AD317B.avi,touch_ues,3228
AD317B.avi,touch_ues,3397
AD317B.avi,leave_ues,153
AD317B.avi,leave_ues,381
AD317B.avi,leave_ues,595
AD317B.avi,leave_ues,789
AD317B.avi,leave_ues,x
AD317B.avi,leave_ues,1607
AD317B.avi,leave_ues,1808
AD317B.avi,leave_ues,2076
AD317B.avi,leave_ues,2234
AD317B.avi,leave_ues,2420
AD317B.avi,leave_ues,2611
AD317B.avi,leave_ues,2749
AD317B.avi,leave_ues,3241
AD317B.avi,leave_ues,x
AD334.avi,before_onset,360
AD334.avi,before_onset,572
AD334.avi,before_onset,756
AD334.avi,before_onset,972
AD334.avi,before_onset,x
AD334.avi,before_onset,1243
AD334.avi,before_onset,1367
AD334.avi,before_onset,1590
AD334.avi,before_onset,x
AD334.avi,before_onset,2847
AD334.avi,before_onset,3069
AD334.avi,before_onset,3514
AD334.avi,before_onset,3728
AD334.avi,before_onset,3905
AD334.avi,before_onset,4029
AD334.avi,before_onset,4178
AD334.avi,before_onset,4854
AD334.avi,before_onset,5181
AD334.avi,before_onset,5649
AD334.avi,before_onset,5971
AD334.avi,before_onset,6197
AD334.avi,before_onset,6457
AD334.avi,touch_ues,371
AD334.avi,touch_ues,x
AD334.avi,touch_ues,769
AD334.avi,touch_ues,993
AD334.avi,touch_ues,1129
AD334.avi,touch_ues,1258
AD334.avi,touch_ues,1389
AD334.avi,touch_ues,1603
AD334.avi,touch_ues,2181
AD334.avi,touch_ues,2867
AD334.avi,touch_ues,3090
AD334.avi,touch_ues,3526
AD334.avi,touch_ues,3752
AD334.avi,touch_ues,3928
AD334.avi,touch_ues,4052
AD334.avi,touch_ues,4191
AD334.avi,touch_ues,4864
AD334.avi,touch_ues,5198
AD334.avi,touch_ues,5663
AD334.avi,touch_ues,5987
AD334.avi,touch_ues,6212
AD334.avi,touch_ues,6469
AD334.avi,leave_ues,386
AD334.avi,leave_ues,x
AD334.avi,leave_ues,792
AD334.avi,leave_ues,1013
AD334.avi,leave_ues,1148
AD334.avi,leave_ues,1276
AD334.avi,leave_ues,1405
AD334.avi,leave_ues,1622
AD334.avi,leave_ues,2192
AD334.avi,leave_ues,2876
AD334.avi,leave_ues,3103
AD334.avi,leave_ues,3539
AD334.avi,leave_ues,3761
AD334.avi,leave_ues,3940
AD334.avi,leave_ues,4066
AD334.avi,leave_ues,4203
AD334.avi,leave_ues,4878
AD334.avi,leave_ues,5213
AD334.avi,leave_ues,5673
AD334.avi,leave_ues,x
AD334.avi,leave_ues,6225
AD334.avi,leave_ues,6480
AD378.avi,before_onset,206
AD378.avi,before_onset,486
AD378.avi,before_onset,908
AD378.avi,before_onset,1111
AD378.avi,before_onset,1478
AD378.avi,before_onset,2187
AD378.avi,before_onset,x
AD378.avi,before_onset,2782
AD378.avi,before_onset,3201
AD378.avi,before_onset,3496
AD378.avi,before_onset,3776
AD378.avi,before_onset,4116
AD378.avi,before_onset,4338
AD378.avi,before_onset,x
AD378.avi,before_onset,5116
AD378.avi,touch_ues,222
AD378.avi,touch_ues,501
AD378.avi,touch_ues,926
AD378.avi,touch_ues,1129
AD378.avi,touch_ues,1491
AD378.avi,touch_ues,2203
AD378.avi,touch_ues,2365
AD378.avi,touch_ues,2796
AD378.avi,touch_ues,3211
AD378.avi,touch_ues,3511
AD378.avi,touch_ues,3796
AD378.avi,touch_ues,4133
AD378.avi,touch_ues,4360
AD378.avi,touch_ues,4626
AD378.avi,touch_ues,5137
AD378.avi,leave_ues,236
AD378.avi,leave_ues,511
AD378.avi,leave_ues,949
AD378.avi,leave_ues,1149
AD378.avi,leave_ues,1504
AD378.avi,leave_ues,2217
AD378.avi,leave_ues,2381
AD378.avi,leave_ues,2804
AD378.avi,leave_ues,3223
AD378.avi,leave_ues,3534
AD378.avi,leave_ues,3818
AD378.avi,leave_ues,x
AD378.avi,leave_ues,4381
AD378.avi,leave_ues,x
AD378.avi,leave_ues,5163
AD388.avi,before_onset,242
AD388.avi,before_onset,513
AD388.avi,before_onset,749
AD388.avi,before_onset,961
AD388.avi,before_onset,1095
AD388.avi,before_onset,1317
AD388.avi,before_onset,1474
AD388.avi,before_onset,1645
AD388.avi,before_onset,1834
AD388.avi,before_onset,2028
AD388.avi,before_onset,2607
AD388.avi,before_onset,2784
AD388.avi,before_onset,3053
AD388.avi,before_onset,3223
AD388.avi,touch_ues,251
AD388.avi,touch_ues,524
AD388.avi,touch_ues,761
AD388.avi,touch_ues,974
AD388.avi,touch_ues,x
AD388.avi,touch_ues,1335
AD388.avi,touch_ues,1490
AD388.avi,touch_ues,1658
AD388.avi,touch_ues,x
AD388.avi,touch_ues,2039
AD388.avi,touch_ues,2623
AD388.avi,touch_ues,2800
AD388.avi,touch_ues,3068
AD388.avi,touch_ues,3236
AD388.avi,leave_ues,269
AD388.avi,leave_ues,546
AD388.avi,leave_ues,795
AD388.avi,leave_ues,1021
AD388.avi,leave_ues,x
AD388.avi,leave_ues,1351
AD388.avi,leave_ues,1516
AD388.avi,leave_ues,1689
AD388.avi,leave_ues,x
AD388.avi,leave_ues,2057
AD388.avi,leave_ues,2637
AD388.avi,leave_ues,2817
AD388.avi,leave_ues,3083
AD388.avi,leave_ues,3258
AD389.avi,before_onset,415
AD389.avi,before_onset,566
AD389.avi,before_onset,699
AD389.avi,before_onset,898
AD389.avi,before_onset,1120
AD389.avi,before_onset,1502
AD389.avi,before_onset,1682
AD389.avi,before_onset,2303
AD389.avi,before_onset,2498
AD389.avi,before_onset,2684
AD389.avi,before_onset,2881
AD389.avi,before_onset,x
AD389.avi,before_onset,3754
AD389.avi,before_onset,3942
AD389.avi,before_onset,4045
AD389.avi,before_onset,4348
AD389.avi,before_onset,4477
AD389.avi,before_onset,4652
AD389.avi,before_onset,4802
AD389.avi,touch_ues,427
AD389.avi,touch_ues,577
AD389.avi,touch_ues,709
AD389.avi,touch_ues,911
AD389.avi,touch_ues,1135
AD389.avi,touch_ues,1513
AD389.avi,touch_ues,1693
AD389.avi,touch_ues,2314
AD389.avi,touch_ues,2518
AD389.avi,touch_ues,2697
AD389.avi,touch_ues,x
AD389.avi,touch_ues,x
AD389.avi,touch_ues,3764
AD389.avi,touch_ues,3954
AD389.avi,touch_ues,4061
AD389.avi,touch_ues,4365
AD389.avi,touch_ues,4491
AD389.avi,touch_ues,4667
AD389.avi,touch_ues,4815
AD389.avi,leave_ues,434
AD389.avi,leave_ues,x
AD389.avi,leave_ues,724
AD389.avi,leave_ues,940
AD389.avi,leave_ues,1153
AD389.avi,leave_ues,1523
AD389.avi,leave_ues,1705
AD389.avi,leave_ues,2325
AD389.avi,leave_ues,2536
AD389.avi,leave_ues,2717
AD389.avi,leave_ues,x
AD389.avi,leave_ues,3072
AD389.avi,leave_ues,3793
AD389.avi,leave_ues,3993
AD389.avi,leave_ues,4077
AD389.avi,leave_ues,x
AD389.avi,leave_ues,4519
AD389.avi,leave_ues,4688
AD389.avi,leave_ues,4839
AD394.avi,before_onset,235
AD394.avi,before_onset,482
AD394.avi,before_onset,704
AD394.avi,before_onset,1044
AD394.avi,before_onset,1274
AD394.avi,before_onset,1433
AD394.avi,before_onset,1615
AD394.avi,before_onset,1761
AD394.avi,before_onset,1918
AD394.avi,before_onset,2243
AD394.avi,before_onset,2475
AD394.avi,before_onset,x
AD394.avi,before_onset,2854
AD394.avi,before_onset,3113
AD394.avi,before_onset,3307
AD394.avi,before_onset,3491
AD394.avi,before_onset,3650
AD394.avi,before_onset,3855
AD394.avi,before_onset,4041
AD394.avi,before_onset,4379
AD394.avi,before_onset,4629
AD394.avi,before_onset,4894
AD394.avi,before_onset,x
AD394.avi,before_onset,5478
AD394.avi,before_onset,5719
AD394.avi,before_onset,5903
AD394.avi,before_onset,6310
AD394.avi,before_onset,6517
AD394.avi,before_onset,6716
AD394.avi,before_onset,6942
AD394.avi,before_onset,7071
AD394.avi,touch_ues,247
AD394.avi,touch_ues,x
AD394.avi,touch_ues,713
AD394.avi,touch_ues,1060
AD394.avi,touch_ues,1285
AD394.avi,touch_ues,1460
AD394.avi,touch_ues,1627
AD394.avi,touch_ues,1780
AD394.avi,touch_ues,1931
AD394.avi,touch_ues,2260
AD394.avi,touch_ues,2489
AD394.avi,touch_ues,2659
AD394.avi,touch_ues,2863
AD394.avi,touch_ues,3133
AD394.avi,touch_ues,3323
AD394.avi,touch_ues,3504
AD394.avi,touch_ues,3662
AD394.avi,touch_ues,3875
AD394.avi,touch_ues,4060
AD394.avi,touch_ues,x
AD394.avi,touch_ues,4644
AD394.avi,touch_ues,4904
AD394.avi,touch_ues,x
AD394.avi,touch_ues,5500
AD394.avi,touch_ues,5740
AD394.avi,touch_ues,5913
AD394.avi,touch_ues,6326
AD394.avi,touch_ues,6526
AD394.avi,touch_ues,6731
AD394.avi,touch_ues,6959
AD394.avi,touch_ues,7086
AD394.avi,leave_ues,257
AD394.avi,leave_ues,510
AD394.avi,leave_ues,736
AD394.avi,leave_ues,1081
AD394.avi,leave_ues,1314
AD394.avi,leave_ues,1478
AD394.avi,leave_ues,1648
AD394.avi,leave_ues,1800
AD394.avi,leave_ues,1961
AD394.avi,leave_ues,2275
AD394.avi,leave_ues,2507
AD394.avi,leave_ues,2673
AD394.avi,leave_ues,2881
AD394.avi,leave_ues,3148
AD394.avi,leave_ues,3341
AD394.avi,leave_ues,3524
AD394.avi,leave_ues,3688
AD394.avi,leave_ues,3889
AD394.avi,leave_ues,4076
AD394.avi,leave_ues,x
AD394.avi,leave_ues,4659
AD394.avi,leave_ues,4918
AD394.avi,leave_ues,5079
AD394.avi,leave_ues,5513
AD394.avi,leave_ues,5757
AD394.avi,leave_ues,5934
AD394.avi,leave_ues,6335
AD394.avi,leave_ues,6543
AD394.avi,leave_ues,6742
AD394.avi,leave_ues,6972
AD394.avi,leave_ues,7100
AD424.avi,before_onset,83
AD424.avi,before_onset,x
AD424.avi,before_onset,312
AD424.avi,before_onset,418
AD424.avi,before_onset,504
AD424.avi,before_onset,661
AD424.avi,before_onset,779
AD424.avi,before_onset,910
AD424.avi,before_onset,1071
AD424.avi,before_onset,1165
AD424.avi,before_onset,1267
AD424.avi,before_onset,1626
AD424.avi,before_onset,1829
AD424.avi,before_onset,2171
AD424.avi,before_onset,2318
AD424.avi,before_onset,2611
AD424.avi,before_onset,2900
AD424.avi,before_onset,3074
AD424.avi,before_onset,3465
AD424.avi,before_onset,3648
AD424.avi,before_onset,3864
AD424.avi,before_onset,3989
AD424.avi,before_onset,4330
AD424.avi,before_onset,4442
AD424.avi,before_onset,4608
AD424.avi,before_onset,5004
AD424.avi,before_onset,5142
AD424.avi,before_onset,5388
AD424.avi,before_onset,5564
AD424.avi,before_onset,5686
AD424.avi,before_onset,5889
AD424.avi,before_onset,6063
AD424.avi,before_onset,6201
AD424.avi,before_onset,6353
AD424.avi,before_onset,6515
AD424.avi,before_onset,6757
AD424.avi,before_onset,6985
AD424.avi,before_onset,7098
AD424.avi,touch_ues,91
AD424.avi,touch_ues,257
AD424.avi,touch_ues,328
AD424.avi,touch_ues,427
AD424.avi,touch_ues,x
AD424.avi,touch_ues,687
AD424.avi,touch_ues,791
AD424.avi,touch_ues,926
AD424.avi,touch_ues,1089
AD424.avi,touch_ues,1179
AD424.avi,touch_ues,1287
AD424.avi,touch_ues,1643
AD424.avi,touch_ues,1841
AD424.avi,touch_ues,2183
AD424.avi,touch_ues,2331
AD424.avi,touch_ues,2622
AD424.avi,touch_ues,2917
AD424.avi,touch_ues,3088
AD424.avi,touch_ues,3477
AD424.avi,touch_ues,3660
AD424.avi,touch_ues,3897
AD424.avi,touch_ues,4001
AD424.avi,touch_ues,x
AD424.avi,touch_ues,4453
AD424.avi,touch_ues,4621
AD424.avi,touch_ues,5019
AD424.avi,touch_ues,5160
AD424.avi,touch_ues,5397
AD424.avi,touch_ues,5577
AD424.avi,touch_ues,5699
AD424.avi,touch_ues,5903
AD424.avi,touch_ues,x
AD424.avi,touch_ues,6213
AD424.avi,touch_ues,6366
AD424.avi,touch_ues,x
AD424.avi,touch_ues,6769
AD424.avi,touch_ues,6997
AD424.avi,touch_ues,7110
AD424.avi,leave_ues,108
AD424.avi,leave_ues,282
AD424.avi,leave_ues,363
AD424.avi,leave_ues,464
AD424.avi,leave_ues,x
AD424.avi,leave_ues,709
AD424.avi,leave_ues,825
AD424.avi,leave_ues,964
AD424.avi,leave_ues,1129
AD424.avi,leave_ues,1202
AD424.avi,leave_ues,1320
AD424.avi,leave_ues,1660
AD424.avi,leave_ues,1866
AD424.avi,leave_ues,2213
AD424.avi,leave_ues,2350
AD424.avi,leave_ues,2637
AD424.avi,leave_ues,2931
AD424.avi,leave_ues,3101
AD424.avi,leave_ues,3484
AD424.avi,leave_ues,3674
AD424.avi,leave_ues,3912
AD424.avi,leave_ues,4020
AD424.avi,leave_ues,x
AD424.avi,leave_ues,4479
AD424.avi,leave_ues,4647
AD424.avi,leave_ues,2030
AD424.avi,leave_ues,5181
AD424.avi,leave_ues,5408
AD424.avi,leave_ues,5596
AD424.avi,leave_ues,5710
AD424.avi,leave_ues,5919
AD424.avi,leave_ues,x
AD424.avi,leave_ues,6231
AD424.avi,leave_ues,6386
AD424.avi,leave_ues,x
AD424.avi,leave_ues,6786
AD424.avi,leave_ues,7017
AD424.avi,leave_ues,7131
AD435A.avi,before_onset,74
AD435A.avi,before_onset,228
AD435A.avi,before_onset,419
AD435A.avi,before_onset,582
AD435A.avi,before_onset,x
AD435A.avi,before_onset,733
AD435A.avi,before_onset,x
AD435A.avi,before_onset,1041
AD435A.avi,before_onset,1374
AD435A.avi,before_onset,1563
AD435A.avi,before_onset,1751
AD435A.avi,before_onset,1980
AD435A.avi,before_onset,2108
AD435A.avi,before_onset,2605
AD435A.avi,before_onset,2802
AD435A.avi,before_onset,3346
AD435A.avi,before_onset,3494
AD435A.avi,before_onset,3660
AD435A.avi,before_onset,3843
AD435A.avi,touch_ues,94
AD435A.avi,touch_ues,238
AD435A.avi,touch_ues,431
AD435A.avi,touch_ues,600
AD435A.avi,touch_ues,x
AD435A.avi,touch_ues,748
AD435A.avi,touch_ues,x
AD435A.avi,touch_ues,1057
AD435A.avi,touch_ues,1388
AD435A.avi,touch_ues,1579
AD435A.avi,touch_ues,1765
AD435A.avi,touch_ues,1993
AD435A.avi,touch_ues,2133
AD435A.avi,touch_ues,2615
AD435A.avi,touch_ues,2815
AD435A.avi,touch_ues,3363
AD435A.avi,touch_ues,3506
AD435A.avi,touch_ues,3679
AD435A.avi,touch_ues,3858
AD435A.avi,leave_ues,110
AD435A.avi,leave_ues,259
AD435A.avi,leave_ues,463
AD435A.avi,leave_ues,633
AD435A.avi,leave_ues,660
AD435A.avi,leave_ues,774
AD435A.avi,leave_ues,922
AD435A.avi,leave_ues,1088
AD435A.avi,leave_ues,1415
AD435A.avi,leave_ues,1598
AD435A.avi,leave_ues,1787
AD435A.avi,leave_ues,2015
AD435A.avi,leave_ues,2149
AD435A.avi,leave_ues,2633
AD435A.avi,leave_ues,2832
AD435A.avi,leave_ues,3373
AD435A.avi,leave_ues,3522
AD435A.avi,leave_ues,x
AD435A.avi,leave_ues,3876
AD435B.avi,before_onset,145
AD435B.avi,before_onset,398
AD435B.avi,before_onset,641
AD435B.avi,before_onset,833
AD435B.avi,before_onset,1216
AD435B.avi,before_onset,1461
AD435B.avi,before_onset,1608
AD435B.avi,before_onset,2069
AD435B.avi,before_onset,2318
AD435B.avi,before_onset,2460
AD435B.avi,before_onset,2942
AD435B.avi,touch_ues,157
AD435B.avi,touch_ues,408
AD435B.avi,touch_ues,653
AD435B.avi,touch_ues,847
AD435B.avi,touch_ues,1231
AD435B.avi,touch_ues,1474
AD435B.avi,touch_ues,1622
AD435B.avi,touch_ues,2080
AD435B.avi,touch_ues,2332
AD435B.avi,touch_ues,2474
AD435B.avi,touch_ues,2966
AD435B.avi,leave_ues,176
AD435B.avi,leave_ues,430
AD435B.avi,leave_ues,666
AD435B.avi,leave_ues,864
AD435B.avi,leave_ues,1249
AD435B.avi,leave_ues,1495
AD435B.avi,leave_ues,1646
AD435B.avi,leave_ues,2091
AD435B.avi,leave_ues,2349
AD435B.avi,leave_ues,2492
AD435B.avi,leave_ues,2986
AD451.avi,before_onset,276
AD451.avi,before_onset,x
AD451.avi,before_onset,1110
AD451.avi,before_onset,1324
AD451.avi,before_onset,1750
AD451.avi,before_onset,2055
AD451.avi,before_onset,2266
AD451.avi,before_onset,2840
AD451.avi,before_onset,3196
AD451.avi,before_onset,3437
AD451.avi,before_onset,3642
AD451.avi,touch_ues,293
AD451.avi,touch_ues,919
AD451.avi,touch_ues,1124
AD451.avi,touch_ues,1338
AD451.avi,touch_ues,1763
AD451.avi,touch_ues,2070
AD451.avi,touch_ues,2280
AD451.avi,touch_ues,2851
AD451.avi,touch_ues,3206
AD451.avi,touch_ues,3453
AD451.avi,touch_ues,3655
AD451.avi,leave_ues,307
AD451.avi,leave_ues,931
AD451.avi,leave_ues,1164
AD451.avi,leave_ues,1369
AD451.avi,leave_ues,1779
AD451.avi,leave_ues,2089
AD451.avi,leave_ues,2299
AD451.avi,leave_ues,x
AD451.avi,leave_ues,3224
AD451.avi,leave_ues,3468
AD451.avi,leave_ues,3676
AD458.avi,before_onset,345
AD458.avi,before_onset,500
AD458.avi,before_onset,685
AD458.avi,before_onset,906
AD458.avi,before_onset,1051
AD458.avi,before_onset,1201
AD458.avi,before_onset,1656
AD458.avi,before_onset,2059
AD458.avi,before_onset,2352
AD458.avi,before_onset,2715
AD458.avi,before_onset,3049
AD458.avi,before_onset,3403
AD458.avi,before_onset,3594
AD458.avi,before_onset,4032
AD458.avi,before_onset,4253
AD458.avi,before_onset,4355
AD458.avi,before_onset,4635
AD458.avi,before_onset,4781
AD458.avi,before_onset,5155
AD458.avi,before_onset,5822
AD458.avi,before_onset,5971
AD458.avi,touch_ues,358
AD458.avi,touch_ues,514
AD458.avi,touch_ues,696
AD458.avi,touch_ues,918
AD458.avi,touch_ues,1066
AD458.avi,touch_ues,x
AD458.avi,touch_ues,1669
AD458.avi,touch_ues,2078
AD458.avi,touch_ues,2365
AD458.avi,touch_ues,2727
AD458.avi,touch_ues,3063
AD458.avi,touch_ues,3418
AD458.avi,touch_ues,3611
AD458.avi,touch_ues,4044
AD458.avi,touch_ues,4271
AD458.avi,touch_ues,4367
AD458.avi,touch_ues,4650
AD458.avi,touch_ues,4792
AD458.avi,touch_ues,5175
AD458.avi,touch_ues,5833
AD458.avi,touch_ues,5983
AD458.avi,leave_ues,379
AD458.avi,leave_ues,531
AD458.avi,leave_ues,715
AD458.avi,leave_ues,945
AD458.avi,leave_ues,1088
AD458.avi,leave_ues,x
AD458.avi,leave_ues,1686
AD458.avi,leave_ues,2112
AD458.avi,leave_ues,2373
AD458.avi,leave_ues,2744
AD458.avi,leave_ues,3079
AD458.avi,leave_ues,3432
AD458.avi,leave_ues,3630
AD458.avi,leave_ues,4054
AD458.avi,leave_ues,4289
AD458.avi,leave_ues,4382
AD458.avi,leave_ues,4665
AD458.avi,leave_ues,4807
AD458.avi,leave_ues,5192
AD458.avi,leave_ues,5853
AD458.avi,leave_ues,6003
AD459A.avi,before_onset,469
AD459A.avi,before_onset,727
AD459A.avi,before_onset,992
AD459A.avi,before_onset,1287
AD459A.avi,before_onset,1459
AD459A.avi,before_onset,1649
AD459A.avi,before_onset,1901
AD459A.avi,before_onset,2100
AD459A.avi,before_onset,2256
AD459A.avi,before_onset,2443
AD459A.avi,before_onset,2593
AD459A.avi,before_onset,2811
AD459A.avi,before_onset,3063
AD459A.avi,before_onset,3256
AD459A.avi,before_onset,3423
AD459A.avi,before_onset,3581
AD459A.avi,touch_ues,483
AD459A.avi,touch_ues,738
AD459A.avi,touch_ues,1005
AD459A.avi,touch_ues,1302
AD459A.avi,touch_ues,1481
AD459A.avi,touch_ues,1671
AD459A.avi,touch_ues,1918
AD459A.avi,touch_ues,2123
AD459A.avi,touch_ues,2270
AD459A.avi,touch_ues,2455
AD459A.avi,touch_ues,2608
AD459A.avi,touch_ues,2825
AD459A.avi,touch_ues,3075
AD459A.avi,touch_ues,3275
AD459A.avi,touch_ues,3447
AD459A.avi,touch_ues,3600
AD459A.avi,leave_ues,x
AD459A.avi,leave_ues,754
AD459A.avi,leave_ues,1030
AD459A.avi,leave_ues,1339
AD459A.avi,leave_ues,1527
AD459A.avi,leave_ues,1683
AD459A.avi,leave_ues,1946
AD459A.avi,leave_ues,x
AD459A.avi,leave_ues,2282
AD459A.avi,leave_ues,x
AD459A.avi,leave_ues,2628
AD459A.avi,leave_ues,2852
AD459A.avi,leave_ues,3117
AD459A.avi,leave_ues,3296
AD459A.avi,leave_ues,3475
AD459A.avi,leave_ues,3612
AD459B.avi,before_onset,49
AD459B.avi,before_onset,259
AD459B.avi,before_onset,584
AD459B.avi,before_onset,1130
AD459B.avi,before_onset,1424
AD459B.avi,before_onset,1606
AD459B.avi,before_onset,x
AD459B.avi,before_onset,1956
AD459B.avi,before_onset,2294
AD459B.avi,before_onset,2507
AD459B.avi,before_onset,2720
AD459B.avi,before_onset,2795
AD459B.avi,before_onset,3105
AD459B.avi,before_onset,3249
AD459B.avi,before_onset,3411
AD459B.avi,touch_ues,74
AD459B.avi,touch_ues,274
AD459B.avi,touch_ues,x
AD459B.avi,touch_ues,1144
AD459B.avi,touch_ues,1441
AD459B.avi,touch_ues,1620
AD459B.avi,touch_ues,1765
AD459B.avi,touch_ues,1974
AD459B.avi,touch_ues,2311
AD459B.avi,touch_ues,2522
AD459B.avi,touch_ues,x
AD459B.avi,touch_ues,2814
AD459B.avi,touch_ues,3123
AD459B.avi,touch_ues,3265
AD459B.avi,touch_ues,x
AD459B.avi,leave_ues,82
AD459B.avi,leave_ues,289
AD459B.avi,leave_ues,x
AD459B.avi,leave_ues,1157
AD459B.avi,leave_ues,1456
AD459B.avi,leave_ues,1639
AD459B.avi,leave_ues,1793
AD459B.avi,leave_ues,1988
AD459B.avi,leave_ues,2329
AD459B.avi,leave_ues,2544
AD459B.avi,leave_ues,x
AD459B.avi,leave_ues,2826
AD459B.avi,leave_ues,3150
AD459B.avi,leave_ues,3284
AD459B.avi,leave_ues,x
AD496.avi,before_onset,117
AD496.avi,before_onset,372
AD496.avi,before_onset,676
AD496.avi,before_onset,817
AD496.avi,before_onset,1178
AD496.avi,before_onset,1413
AD496.avi,before_onset,1703
AD496.avi,before_onset,1906
AD496.avi,before_onset,2039
AD496.avi,before_onset,2151
AD496.avi,before_onset,2213
AD496.avi,before_onset,2266
AD496.avi,before_onset,2717
AD496.avi,before_onset,3112
AD496.avi,before_onset,3479
AD496.avi,before_onset,4016
AD496.avi,before_onset,4311
AD496.avi,before_onset,4533
AD496.avi,before_onset,4714
AD496.avi,before_onset,x
AD496.avi,before_onset,5200
AD496.avi,before_onset,5512
AD496.avi,before_onset,5775
AD496.avi,before_onset,6218
AD496.avi,before_onset,6506
AD496.avi,before_onset,6806
AD496.avi,touch_ues,133
AD496.avi,touch_ues,394
AD496.avi,touch_ues,687
AD496.avi,touch_ues,x
AD496.avi,touch_ues,1197
AD496.avi,touch_ues,1431
AD496.avi,touch_ues,1718
AD496.avi,touch_ues,1929
AD496.avi,touch_ues,2060
AD496.avi,touch_ues,2167
AD496.avi,touch_ues,2226
AD496.avi,touch_ues,x
AD496.avi,touch_ues,2731
AD496.avi,touch_ues,3125
AD496.avi,touch_ues,3495
AD496.avi,touch_ues,4031
AD496.avi,touch_ues,4328
AD496.avi,touch_ues,4550
AD496.avi,touch_ues,4728
AD496.avi,touch_ues,x
AD496.avi,touch_ues,5218
AD496.avi,touch_ues,5537
AD496.avi,touch_ues,5794
AD496.avi,touch_ues,6237
AD496.avi,touch_ues,6520
AD496.avi,touch_ues,6817
AD496.avi,leave_ues,x
AD496.avi,leave_ues,410
AD496.avi,leave_ues,701
AD496.avi,leave_ues,x
AD496.avi,leave_ues,1214
AD496.avi,leave_ues,1449
AD496.avi,leave_ues,1731
AD496.avi,leave_ues,1948
AD496.avi,leave_ues,2100
AD496.avi,leave_ues,x
AD496.avi,leave_ues,x
AD496.avi,leave_ues,x
AD496.avi,leave_ues,x
AD496.avi,leave_ues,3140
AD496.avi,leave_ues,3516
AD496.avi,leave_ues,4058
AD496.avi,leave_ues,4345
AD496.avi,leave_ues,4565
AD496.avi,leave_ues,x
AD496.avi,leave_ues,4823
AD496.avi,leave_ues,5234
AD496.avi,leave_ues,5556
AD496.avi,leave_ues,x
AD496.avi,leave_ues,6254
AD496.avi,leave_ues,6537
AD496.avi,leave_ues,6831
AD498.avi,before_onset,616
AD498.avi,before_onset,944
AD498.avi,before_onset,1116
AD498.avi,before_onset,1419
AD498.avi,before_onset,1689
AD498.avi,before_onset,1895
AD498.avi,before_onset,2035
AD498.avi,before_onset,2191
AD498.avi,touch_ues,627
AD498.avi,touch_ues,958
AD498.avi,touch_ues,1137
AD498.avi,touch_ues,1442
AD498.avi,touch_ues,1703
AD498.avi,touch_ues,1907
AD498.avi,touch_ues,2053
AD498.avi,touch_ues,2203
AD498.avi,leave_ues,639
AD498.avi,leave_ues,982
AD498.avi,leave_ues,1160
AD498.avi,leave_ues,1453
AD498.avi,leave_ues,1717
AD498.avi,leave_ues,1926
AD498.avi,leave_ues,2068
AD498.avi,leave_ues,x
AD503.avi,before_onset,290
AD503.avi,before_onset,618
AD503.avi,before_onset,936
AD503.avi,before_onset,1104
AD503.avi,before_onset,x
AD503.avi,before_onset,1442
AD503.avi,before_onset,1698
AD503.avi,before_onset,1899
AD503.avi,before_onset,2146
AD503.avi,touch_ues,303
AD503.avi,touch_ues,630
AD503.avi,touch_ues,951
AD503.avi,touch_ues,1119
AD503.avi,touch_ues,1191
AD503.avi,touch_ues,1458
AD503.avi,touch_ues,1724
AD503.avi,touch_ues,1919
AD503.avi,touch_ues,2160
AD503.avi,leave_ues,310
AD503.avi,leave_ues,652
AD503.avi,leave_ues,983
AD503.avi,leave_ues,1158
AD503.avi,leave_ues,1218
AD503.avi,leave_ues,1485
AD503.avi,leave_ues,1758
AD503.avi,leave_ues,1948
AD503.avi,leave_ues,2181
AD530.avi,before_onset,242
AD530.avi,before_onset,460
AD530.avi,before_onset,694
AD530.avi,before_onset,899
AD530.avi,before_onset,930
AD530.avi,before_onset,1499
AD530.avi,before_onset,1798
AD530.avi,before_onset,2100
AD530.avi,before_onset,2509
AD530.avi,before_onset,2782
AD530.avi,before_onset,x
AD530.avi,before_onset,3280
AD530.avi,touch_ues,256
AD530.avi,touch_ues,472
AD530.avi,touch_ues,707
AD530.avi,touch_ues,x
AD530.avi,touch_ues,944
AD530.avi,touch_ues,1511
AD530.avi,touch_ues,1810
AD530.avi,touch_ues,2112
AD530.avi,touch_ues,2523
AD530.avi,touch_ues,2804
AD530.avi,touch_ues,x
AD530.avi,touch_ues,3302
AD530.avi,leave_ues,267
AD530.avi,leave_ues,486
AD530.avi,leave_ues,728
AD530.avi,leave_ues,x
AD530.avi,leave_ues,964
AD530.avi,leave_ues,1527
AD530.avi,leave_ues,1838
AD530.avi,leave_ues,2140
AD530.avi,leave_ues,2560
AD530.avi,leave_ues,2827
AD530.avi,leave_ues,3052
AD530.avi,leave_ues,3327
AD534.avi,before_onset,81
AD534.avi,before_onset,258
AD534.avi,before_onset,518
AD534.avi,before_onset,688
AD534.avi,before_onset,884
AD534.avi,before_onset,1056
AD534.avi,before_onset,1192
AD534.avi,before_onset,1471
AD534.avi,before_onset,1606
AD534.avi,before_onset,1782
AD534.avi,touch_ues,102?
AD534.avi,touch_ues,269
AD534.avi,touch_ues,529
AD534.avi,touch_ues,703
AD534.avi,touch_ues,896
AD534.avi,touch_ues,1073
AD534.avi,touch_ues,1205
AD534.avi,touch_ues,1486
AD534.avi,touch_ues,1621
AD534.avi,touch_ues,1802
AD534.avi,leave_ues,113
AD534.avi,leave_ues,278
AD534.avi,leave_ues,542
AD534.avi,leave_ues,737
AD534.avi,leave_ues,938
AD534.avi,leave_ues,1097
AD534.avi,leave_ues,1246
AD534.avi,leave_ues,1524
AD534.avi,leave_ues,1660
AD534.avi,leave_ues,1821
AD541.avi,before_onset,193
AD541.avi,before_onset,355
AD541.avi,before_onset,535
AD541.avi,before_onset,626
AD541.avi,before_onset,661
AD541.avi,before_onset,695
AD541.avi,before_onset,724
AD541.avi,before_onset,x
AD541.avi,before_onset,1067
AD541.avi,before_onset,1220
AD541.avi,before_onset,1375
AD541.avi,before_onset,1560
AD541.avi,before_onset,1603
AD541.avi,before_onset,1788
AD541.avi,before_onset,2157
AD541.avi,before_onset,2434
AD541.avi,before_onset,2723
AD541.avi,before_onset,2874
AD541.avi,before_onset,3012
AD541.avi,before_onset,3064
AD541.avi,touch_ues,210
AD541.avi,touch_ues,367
AD541.avi,touch_ues,548
AD541.avi,touch_ues,637
AD541.avi,touch_ues,x
AD541.avi,touch_ues,x
AD541.avi,touch_ues,x
AD541.avi,touch_ues,781
AD541.avi,touch_ues,x
AD541.avi,touch_ues,1235
AD541.avi,touch_ues,1389
AD541.avi,touch_ues,1571
AD541.avi,touch_ues,1619
AD541.avi,touch_ues,1798
AD541.avi,touch_ues,2169
AD541.avi,touch_ues,2445
AD541.avi,touch_ues,2739
AD541.avi,touch_ues,2887
AD541.avi,touch_ues,3025
AD541.avi,touch_ues,3078
AD541.avi,leave_ues,222
AD541.avi,leave_ues,384
AD541.avi,leave_ues,583
AD541.avi,leave_ues,x
AD541.avi,leave_ues,x
AD541.avi,leave_ues,x
AD541.avi,leave_ues,x
AD541.avi,leave_ues,x
AD541.avi,leave_ues,x
AD541.avi,leave_ues,1279
AD541.avi,leave_ues,x
AD541.avi,leave_ues,1604
AD541.avi,leave_ues,1640
AD541.avi,leave_ues,1817
AD541.avi,leave_ues,2181
AD541.avi,leave_ues,2462
AD541.avi,leave_ues,2764
AD541.avi,leave_ues,2908
AD541.avi,leave_ues,3056
AD541.avi,leave_ues,x
AD543.avi,before_onset,423
AD543.avi,before_onset,723
AD543.avi,before_onset,903
AD543.avi,before_onset,1194
AD543.avi,before_onset,1530
AD543.avi,before_onset,1766
AD543.avi,before_onset,1941
AD543.avi,before_onset,2115
AD543.avi,before_onset,2556
AD543.avi,before_onset,2787
AD543.avi,before_onset,2912
AD543.avi,before_onset,3366
AD543.avi,before_onset,3974
AD543.avi,before_onset,4193
AD543.avi,before_onset,4406
AD543.avi,before_onset,4629
AD543.avi,before_onset,4846
AD543.avi,before_onset,5128
AD543.avi,before_onset,5395
AD543.avi,before_onset,5585
AD543.avi,before_onset,5777
AD543.avi,before_onset,5947
AD543.avi,before_onset,6110
AD543.avi,before_onset,6219
AD543.avi,before_onset,6322
AD543.avi,touch_ues,443
AD543.avi,touch_ues,735
AD543.avi,touch_ues,914
AD543.avi,touch_ues,1226?
AD543.avi,touch_ues,1541
AD543.avi,touch_ues,1779
AD543.avi,touch_ues,1962
AD543.avi,touch_ues,2130
AD543.avi,touch_ues,2564
AD543.avi,touch_ues,2798
AD543.avi,touch_ues,2937
AD543.avi,touch_ues,3376
AD543.avi,touch_ues,3984
AD543.avi,touch_ues,4209
AD543.avi,touch_ues,4419
AD543.avi,touch_ues,4640
AD543.avi,touch_ues,4855
AD543.avi,touch_ues,5142
AD543.avi,touch_ues,5408
AD543.avi,touch_ues,5608
AD543.avi,touch_ues,5797
AD543.avi,touch_ues,5958
AD543.avi,touch_ues,6121
AD543.avi,touch_ues,6231
AD543.avi,touch_ues,6356
AD543.avi,leave_ues,467
AD543.avi,leave_ues,757
AD543.avi,leave_ues,968
AD543.avi,leave_ues,1242
AD543.avi,leave_ues,1559
AD543.avi,leave_ues,1813
AD543.avi,leave_ues,1987
AD543.avi,leave_ues,2176
AD543.avi,leave_ues,2581
AD543.avi,leave_ues,2820
AD543.avi,leave_ues,2967
AD543.avi,leave_ues,3385
AD543.avi,leave_ues,4003
AD543.avi,leave_ues,4237
AD543.avi,leave_ues,4448
AD543.avi,leave_ues,4663
AD543.avi,leave_ues,4873
AD543.avi,leave_ues,5169
AD543.avi,leave_ues,5439
AD543.avi,leave_ues,5630
AD543.avi,leave_ues,5842
AD543.avi,leave_ues,5989
AD543.avi,leave_ues,6169
AD543.avi,leave_ues,6266
AD543.avi,leave_ues,x
AD547.avi,before_onset,302
AD547.avi,before_onset,468
AD547.avi,before_onset,x
AD547.avi,before_onset,714
AD547.avi,before_onset,900
AD547.avi,before_onset,1280
AD547.avi,before_onset,1515
AD547.avi,before_onset,1805
AD547.avi,before_onset,x
AD547.avi,before_onset,2275
AD547.avi,before_onset,2695
AD547.avi,before_onset,3022
AD547.avi,before_onset,3225
AD547.avi,before_onset,3402
AD547.avi,touch_ues,318
AD547.avi,touch_ues,477
AD547.avi,touch_ues,x
AD547.avi,touch_ues,727
AD547.avi,touch_ues,914
AD547.avi,touch_ues,1295
AD547.avi,touch_ues,1528
AD547.avi,touch_ues,1827
AD547.avi,touch_ues,2085
AD547.avi,touch_ues,2288
AD547.avi,touch_ues,2710
AD547.avi,touch_ues,3035
AD547.avi,touch_ues,3243
AD547.avi,touch_ues,3414
AD547.avi,leave_ues,333
AD547.avi,leave_ues,494
AD547.avi,leave_ues,639
AD547.avi,leave_ues,x
AD547.avi,leave_ues,944
AD547.avi,leave_ues,1309
AD547.avi,leave_ues,1560
AD547.avi,leave_ues,1855
AD547.avi,leave_ues,2108
AD547.avi,leave_ues,x
AD547.avi,leave_ues,2726
AD547.avi,leave_ues,x
AD547.avi,leave_ues,3265
AD547.avi,leave_ues,3452
AD605.avi,before_onset,271
AD605.avi,before_onset,493
AD605.avi,before_onset,925
AD605.avi,before_onset,1264
AD605.avi,before_onset,x
AD605.avi,before_onset,1960
AD605.avi,before_onset,2167
AD605.avi,before_onset,2562
AD605.avi,touch_ues,283
AD605.avi,touch_ues,503
AD605.avi,touch_ues,933
AD605.avi,touch_ues,1275
AD605.avi,touch_ues,1565
AD605.avi,touch_ues,1969
AD605.avi,touch_ues,2179
AD605.avi,touch_ues,2571
AD605.avi,leave_ues,295
AD605.avi,leave_ues,514
AD605.avi,leave_ues,944
AD605.avi,leave_ues,1297
AD605.avi,leave_ues,x
AD605.avi,leave_ues,1983
AD605.avi,leave_ues,2195
AD605.avi,leave_ues,2584
AD643.avi,before_onset,337
AD643.avi,before_onset,449
AD643.avi,before_onset,629
AD643.avi,before_onset,777
AD643.avi,before_onset,939
AD643.avi,before_onset,1128
AD643.avi,before_onset,1234
AD643.avi,before_onset,1389
AD643.avi,before_onset,1518
AD643.avi,before_onset,1616
AD643.avi,before_onset,1847
AD643.avi,touch_ues,344
AD643.avi,touch_ues,458
AD643.avi,touch_ues,646
AD643.avi,touch_ues,787
AD643.avi,touch_ues,950
AD643.avi,touch_ues,1149
AD643.avi,touch_ues,1246
AD643.avi,touch_ues,1402
AD643.avi,touch_ues,1539
AD643.avi,touch_ues,1633
AD643.avi,touch_ues,1865
AD643.avi,leave_ues,363
AD643.avi,leave_ues,479
AD643.avi,leave_ues,663
AD643.avi,leave_ues,811
AD643.avi,leave_ues,974
AD643.avi,leave_ues,1168
AD643.avi,leave_ues,1258
AD643.avi,leave_ues,1420
AD643.avi,leave_ues,1559
AD643.avi,leave_ues,1646
AD643.avi,leave_ues,1882
AD646.avi,before_onset,898
AD646.avi,before_onset,1081
AD646.avi,before_onset,1358
AD646.avi,before_onset,1534
AD646.avi,before_onset,1691
AD646.avi,before_onset,1834
AD646.avi,before_onset,2039
AD646.avi,before_onset,2251
AD646.avi,before_onset,2369
AD646.avi,before_onset,2566
AD646.avi,before_onset,2691
AD646.avi,before_onset,x
AD646.avi,before_onset,3040
AD646.avi,before_onset,x
AD646.avi,before_onset,3255
AD646.avi,before_onset,3574
AD646.avi,before_onset,3798
AD646.avi,before_onset,3981
AD646.avi,before_onset,4290
AD646.avi,before_onset,4787
AD646.avi,before_onset,5005
AD646.avi,before_onset,5312
AD646.avi,before_onset,5579
AD646.avi,before_onset,5754
AD646.avi,touch_ues,908
AD646.avi,touch_ues,1093
AD646.avi,touch_ues,1380
AD646.avi,touch_ues,1547
AD646.avi,touch_ues,1709
AD646.avi,touch_ues,1848
AD646.avi,touch_ues,2053
AD646.avi,touch_ues,2272
AD646.avi,touch_ues,2387
AD646.avi,touch_ues,2584
AD646.avi,touch_ues,2721
AD646.avi,touch_ues,2883
AD646.avi,touch_ues,3052
AD646.avi,touch_ues,3164
AD646.avi,touch_ues,3277
AD646.avi,touch_ues,3586
AD646.avi,touch_ues,3808
AD646.avi,touch_ues,3994
AD646.avi,touch_ues,4308
AD646.avi,touch_ues,4800
AD646.avi,touch_ues,5018
AD646.avi,touch_ues,5347
AD646.avi,touch_ues,5602
AD646.avi,touch_ues,x
AD646.avi,leave_ues,920
AD646.avi,leave_ues,1108
AD646.avi,leave_ues,1396
AD646.avi,leave_ues,1577
AD646.avi,leave_ues,1740
AD646.avi,leave_ues,1885
AD646.avi,leave_ues,2085
AD646.avi,leave_ues,2312
AD646.avi,leave_ues,2466
AD646.avi,leave_ues,x
AD646.avi,leave_ues,2752
AD646.avi,leave_ues,2917
AD646.avi,leave_ues,3082
AD646.avi,leave_ues,3210
AD646.avi,leave_ues,x
AD646.avi,leave_ues,3599
AD646.avi,leave_ues,3841
AD646.avi,leave_ues,4019
AD646.avi,leave_ues,4328
AD646.avi,leave_ues,4820
AD646.avi,leave_ues,5045
AD646.avi,leave_ues,5378
AD646.avi,leave_ues,5630
AD646.avi,leave_ues,x
